<?xml version="1.0" encoding="utf-8"?>

<extend_features>
    <!-- indicate if the device is support life mode 1.0：1 2.0：2 -->
    <app_feature name="com.oplus.battery.life.mode.notificate" args="int:1"/>
    <!-- indicate if the device is support battery health -->
    <app_feature name="os.charge.settings.batterysettings.batteryhealth"/>
    <!-- indicate if the device is support long charge protection -->
    <app_feature name="os.charge.settings.longchargeprotection.ai"/>
    <!-- indicate if the device smart charge switch is default open-->
    <app_feature name="os.charge.settings.smartchargeswitch.open"/>
    <!-- indicate if the device is support life mode 1.0：1 2.0：2 -->
    <app_feature name="com.oplus.battery.speed_charge_mode"/>
    <app-feature name="com.oplus.software.support.gt.mode"/>
    <app-feature name="com.oplus.software.benchmark.support"/>
    <app-feature name="com.oplus.disable.high.performance.mode"/>
    <app-feature name="com.oplus.multibits.dimming.support"/>
    <app_feature name="com.oplus.software.startup_strategy_restrict"/>
    <app-feature name="com.oplus.power.wirelesschgwhenwired.support"/>
    <app-feature name="com.oplus.power.onwirelesscharger.support"/>
    <app-feature name="com.oplus.disable.high.performance.mode"/>
    <app-feature name="com.oplus.software.power.disable_power_save">
    <app-feature name="com.oplus.performance.GTModeTile"/>
</extend_features>
