<?xml version="1.0" encoding="utf-8"?>

<extend_features>
    <!-- control the preview mask view for aon face enrolling -->
    <app_feature name="com.android.settings.colored_mask_for_aon_face_enroll" />
       <app-feature name="com.com.oplus.software.display.pwm_switch.support"/>
    <app-feature name="com.oplus.software.support.gt.mode"/>
    <app-feature name="com.oplus.software.audio.haptic_channel_support"/>
    <app-feature name="com.oplus.software.display.resolution_switch_disableauto_support"/>
    <app-feature name="com.oplus.software.windowmode.compact"/>
    
    <app_feature name="com.oplus.software.pms_app_frozen" />
    <app-feature name="com.oplus.software.display.dcbacklight_support"/>
    <app-feature name="com.oplus.software.radio.support_5g"/>
    <app-feature name="com.oplus.software.display.hdr_enhance_brightness_alwayson_support"/>
    <app_feature name="com.oplus.software.video.hqv_support" />
    <app_feature name="com.oplus.continue_using_fp_while_screen_off" />
    <app_feature name="com.oplus.software.continue_using_fp_while_screen_off" />
    <app_feature name="continue_using_fp_while_screen_off" />
</extend_features>
