<?xml version="1.0" encoding="utf-8"?>

<extend_features>
    <!-- indicate if the device is prevented screen nurn -->
    <app_feature name="com.android.systemui.prevented_screen_burn"/>
    <app_feature name="com.android.systemui.enable_gesture_hide"/>   
    <app_feature name="com.android.systemui.google_assistant_supported"/>
    <app_feature name="touchpanel.fingerprintquickstart.hide"/>
    <app_feature name="com.oplus.continue_using_fp_while_screen_off" />
    <app_feature name="com.oplus.software.continue_using_fp_while_screen_off" />
    <app_feature name="continue_using_fp_while_screen_off" />
    <app_feature name="oplus.software.display.resolution_switch_support"/>
    <app_feature name="op_sysui_qs_tiles_hide"/>
    <app_feature name="com.oplus.systemui.qs.hide_tile"/>
    <app_feature name="com.android.systemui.disable_fp_blind_unlock"/>
</extend_features>
