<?xml version="1.0" encoding="utf-8"?>
<resources>
    <filter-conf>
        <!-- <project>8350R</project> -->
        <version>2022080201</version>
        <filter-name>sys_osense_decisionmaker_config</filter-name>
    </filter-conf>



    <!-- memory_config include memory_config and clear_policy level! -->
    <config name="memory_config">
        <!-- refer to clearlevelmanager memory_level_threshold -->
        <!--triggerMemory-purposeMemory-appcareThreshold|trigger-pupose-appcare|...|...-->
        <!-- level4-critical |level3-low|level2-moderate|level1-normal"-->
        <mem total="2" value="400-500-79|500-600-59|600-800-39"/>
        <mem total="3" value="400-500-79|600-700-59|800-900-39|1000-1200-19"/>
        <mem total="4" value="400-500-79|700-900-59|1100-1300-39|1400-1600-19"/>
        <mem total="6" value="600-800-79|1000-1200-59|1300-1500-39|1600-1800-19"/>
        <mem total="8" value="1000-1200-79|1100-1300-59|1200-1400-39|1300-1500-19"/>
        <mem total="12" value="1000-1200-79|1100-1300-59|1250-1450-39|1500-1800-19"/>
        <mem total="16" value="1000-1200-79|1100-1300-59|1250-1450-39|1500-1800-19"/>
    </config>

    <config name="cpuload_config">
        <level index="1" value="30"/>
        <level index="2" value="95"/>
        <level index="3" value="100"/>
    </config>

    <config name="freemem_config">
        <mem total="2" value="90|150"/>
        <mem total="3" value="90|150"/>
        <mem total="4" value="90|150"/>
        <mem total="6" value="100|150"/>
        <mem total="8" value="120|150"/>
        <mem total="12" value="120|150"/>
        <mem total="16" value="120|150"/>
    </config>

    <config name="zram_config">
        <mem total="2" value="90-90-200-79"/>
        <mem total="3" value="90-90-200-79"/>
        <mem total="4" value="90-90-200-79"/>
        <mem total="6" value="90-90-200-79"/>
        <mem total="8" value="90-90-200-79"/>
        <mem total="12" value="90-90-200-79"/>
        <mem total="16" value="90-90-200-79"/>
    </config>

    <config name="clear_level">
        <!--triggerMemory-purposeMemory-appcareThreshold|trigger-pupose-appcare|...|...-->
        <!-- level4-critical |level3-low|level2-moderate|level1-normal"-->
        <!-- scene normal move to memory_config -->
        <!--<scene name="normal">
        </scene>-->
        <!-- currently, scene_launcher is same to normal-->
        <scene name="launcher">
            <mem total="2" value="400-500-79|500-600-59|600-800-39"/>
            <mem total="3" value="400-500-79|600-700-59|800-900-39|1000-1200-19"/>
            <mem total="4" value="400-500-79|700-900-59|1100-1300-39|1400-1600-19"/>
            <mem total="6" value="600-800-79|1000-1200-59|1300-1500-39|1600-1800-19"/>
            <mem total="8" value="1000-1200-79|1100-1300-59|1200-1400-39|1300-1500-19"/>
            <mem total="12" value="1000-1200-79|1100-1300-59|1250-1450-39|1500-1800-19"/>
            <mem total="16" value="1000-1200-79|1100-1300-59|1250-1450-39|1500-1800-19"/>
        </scene>
        <!--triggerMemory-remainingCount|trigger-count|...|...-->
        <scene name="bigApp">
            <mem total="2" value="400-1|500-3|600-5"/>
            <mem total="3" value="400-1|600-1|800-3|1000-5"/>
            <mem total="4" value="400-1|700-1|1100-3|1400-5"/>
            <mem total="6" value="600-1|1000-1|1300-3|1600-5"/>
            <mem total="8" value="1000-1|1500-1|2000-3|2300-5"/>
            <mem total="12" value="1400-1|2200-1|2800-3|3300-5"/>
            <mem total="16" value="1400-1|2200-1|2800-3|3300-5"/>
        </scene>
        <scene name="lowmem">
            <mem total="2" value="400-600-79|500-600-59"/>
            <mem total="3" value="500-700-79|600-700-59"/>
            <mem total="4" value="600-800-79|700-900-59"/>
            <mem total="6" value="800-1000-79|900-1100-59"/>
            <mem total="8" value="1000-1300-79|1200-1400-59"/>
            <mem total="12" value="1000-1300-79|1200-1400-59"/>
            <mem total="16" value="1000-1300-79|1200-1400-59"/>
        </scene>
        <scene name="avilable_zram">
            <mem total="2" value="400-600-79-90-90-200-79|500-600-59-90-90-200-79"/>
            <mem total="3" value="500-700-79-90-90-200-79|600-700-59-90-90-200-79"/>
            <mem total="4" value="600-800-79-90-90-200-79|700-900-59-90-90-200-79"/>
            <mem total="6" value="800-1000-79-90-90-200-79|900-1100-59-90-90-200-79"/>
            <mem total="8" value="1000-1300-79-90-90-200-79|1200-1400-59-90-90-200-79"/>
            <mem total="12" value="1000-1300-79-90-90-200-79|1200-1400-59-90-90-200-79"/>
            <mem total="16" value="1000-1300-79-90-90-200-79|1200-1400-59-90-90-200-79"/>
        </scene>
        <scene name="bigAppPSI">
            <mem total="2" value="600-800-69"/>
            <mem total="3" value="1000-1200-69"/>
            <mem total="4" value="1100-1300-69"/>
            <mem total="6" value="1300-1500-69"/>
            <mem total="8" value="1500-1600-69"/>
            <mem total="12" value="1500-1600-69"/>
            <mem total="16" value="1500-1600-69"/>
        </scene>
        <scene name="gameAppPSI">
            <mem total="2" value="600-800-69"/>
            <mem total="3" value="1000-1200-69"/>
            <mem total="4" value="1100-1300-69"/>
            <mem total="6" value="1300-1500-69"/>
            <mem total="8" value="1500-1600-69"/>
            <mem total="12" value="1500-1600-69"/>
            <mem total="16" value="1500-1600-69"/>
        </scene>
        <scene name="compress">
            <mem total="2" value="1000"/>
            <mem total="3" value="1300"/>
            <mem total="4" value="1500"/>
            <mem total="6" value="2500"/>
            <mem total="8" value="3000"/>
            <mem total="12" value="4500"/>
            <mem total="16" value="4500"/>
        </scene>
        <scene name="zram">
            <mem total="2" value="1000"/>
            <mem total="3" value="1000"/>
            <mem total="4" value="1500"/>
            <mem total="6" value="1800"/>
            <mem total="8" value="2000"/>
            <mem total="12" value="2000"/>
            <mem total="16" value="2000"/>
        </scene>

    </config>

    <config name="freezer_level">
        <!-- freezer duration, normal app launch 1.5s, big app launch 3s-->
        <level index="1" value="1500"/>
        <level index="2" value="3000"/>
    </config>

    <config name="rules_engine">
        <scene id="1000" name="SCENE_APP_SWITCH">
            <!-- tag: multi means multi conditions
                skip: if conditions matched, skip some tag's rules, (all means skip all, the rule matched, just return)
                if a policy should consider multi conditions, using this rule,
                if a policy only consider single condition, using single tag(memory,cpuload,ioload) rule.
                Also, multi tag rule, can resolve policies conflict/coordination problem-->

            <!--clear Policy, now, may just consider memory condition, so using tag "memory"-->
            <!--freezer Policy, now, may just consider cpuload condition, so using tag "cpuload"-->
            <!--preload Policy, has 5000ms delay, special!!!! consider condition after 5000ms? -->
            <!--compress Policy, may consider memory and cpuload -->
            <!--pkg_disable Policy -->
            <!--dropCache Policy, using when big app lunch, no conditions? -->
            <!--<rule index = "6" tag = "delay_cpumemory" skip="delay_cpumemory" offset="5000">
                <condition cpuload="1" memory_scene="compress" memory="1"/>
                <policy name="compress" type="force"/>
            </rule>-->
            <!-- only when cpuload =2,  freezer policy can run! -->
            <rule index = "5" tag = "cpuload" skip="cpuload">
                <!--<condition cpuload="2"/>-->
                <policy name="freezer" type="fast" level="1"/>
            </rule>
            <rule index = "4" tag = "delay_memory" skip="delay_memory" offset="2000">
                <condition memory="4"/>
                <policy name="clear" type="force-speed" level="4"/>
            </rule>
            <rule index = "3" tag = "delay_memory" skip="delay_memory" offset="2000">
                <condition memory="3"/>
                <policy name="clear" type="force-speed" level="3"/>
            </rule>
            <rule index = "2" tag = "delay_memory" skip="delay_memory" offset="2000">
                <condition memory="2"/>
                <policy name="clear" type="smart-force" level="2"/>
            </rule>
            <rule index = "1" tag = "delay_memory" skip="delay_memory" offset="2000">
                <condition memory="1"/>
                <policy name="clear" type="smart-force" level="1"/>
            </rule>
        </scene>
        <scene id="1001" name="SCENE_LAUNCHER">
            <!--<rule index = "5" tag = "delay_cpumemory" skip="delay_cpumemory" offset="5000">
                <condition cpuload="1" memory_scene="compress" memory="1"/>
                <policy name="compress" type="force"/>
            </rule>-->
            <rule index = "4" tag = "memory" skip="memory">
                <condition memory_scene="launcher" memory="4"/>
                <policy name="clear" type="force-speed" level_scene="launcher" level="4" />
            </rule>
            <rule index = "3" tag = "memory" skip="memory">
                <condition memory_scene="launcher" memory="3"/>
                <policy name="clear" type="force-speed" level_scene="launcher" level="3"/>
            </rule>
            <rule index = "2" tag = "memory" skip="memory">
                <condition memory_scene="launcher" memory="2"/>
                <policy name="clear" type="smart-force" level_scene="launcher" level="2"/>
            </rule>
            <rule index = "1" tag = "memory" skip="memory">
                <condition memory_scene="launcher" memory="1"/>
                <policy name="clear" type="smart-force" level_scene="launcher" level="1"/>
            </rule>
        </scene>
        <scene id="1002" name="SCENE_BIG_APP_SWITCH">
            <rule index = "5" tag = "cpuload" skip="cpuload">
                <!--<condition cpuload="2"/>-->
                <policy name="freezer" type="fast" level="2"/>
            </rule>
        </scene>
        <!-- MEMORY_CRITICAL scene means psi or memory guard, can be used when in running app.-->
        <scene id="1003" name="SCENE_LOW_MEMORY">
            <!--<rule index = "4" tag = "cpuload" skip="cpuload">
                <condition cpuload="1"/>
                <policy name="compress" type="force"/>
            </rule>-->
            <rule index = "5" tag = "memory" skip="memory">
                <condition zram="1" memory_scene="avilable_zram" memory="2"/>
                <policy name="clear" type="force-speed" level_scene="avilable_zram" level="2"/>
            </rule>
            <rule index = "4" tag = "memory" skip="memory">
                <condition zram="1" memory_scene="avilable_zram" memory="1"/>
                <policy name="clear" type="force-speed" level_scene="avilable_zram" level="1"/>
            </rule>
            <rule index = "3" tag = "memory" skip="memory">
                <condition memory_scene="lowmem" memory="2"/>
                <policy name="clear" type="force-speed" level_scene="lowmem" level="2"/>
            </rule>
            <rule index = "2" tag = "memory" skip="memory">
                <condition memory_scene="lowmem" memory="1"/>
                <policy name="clear" type="force-speed" level_scene="lowmem" level="1"/>
            </rule>
            <rule index = "1" tag = "memory" skip="memory">
                <condition  zram="1" freemem="1" memory_scene="zram" memory="1"/>
                <policy name="clear" type="zram" level="1"/>
            </rule>
        </scene>
        <scene id="1004" name="SCENE_SCREEN_STATUS">
            <rule index = "1" tag = "delay" skip="delay" offset="1800000">
                <policy name="compress" type="screenoff"/>
            </rule>
        </scene>
        <scene id="1005" name="SCENE_GAME">
            <rule index = "1">
                <policy name="appstartup" type="strict"/>
            </rule>
        </scene>
        <scene id="1006" name="SCENE_BIGAPP_RUNTIME">
            <rule index = "1" tag = "memory" skip="memory">
                <condition memory_scene="bigAppPSI" memory="1"/>
                <policy name="clear" type="smart-force" level_scene="bigAppPSI" level="1"/>
            </rule>
        </scene>
        <scene id="1007" name="SCENE_GAMEAPP_RUNTIME">
            <rule index = "1" tag = "memory" skip="memory">
                <condition memory_scene="gameAppPSI" memory="1"/>
                <policy name="clear" type="smart-force" level_scene="gameAppPSI" level="1"/>
            </rule>
        </scene>
    </config>

</resources>
