<?xml version="1.0" encoding="utf-8"?>
<resources>
    <filter-conf>
        <!-- <project>8350R</project> -->
        <version>2022080201</version>
        <filter-name>sys_osense_common_config</filter-name>
    </filter-conf>

    <config name="policyEnabled_config" type="bundle">
        <item name="POLICY_CLEAN" type="bool" value="true"/>
        <item name="POLICY_OFREEZER" type="bool" value="true"/>
        <item name="POLICY_PRELOAD" type="bool" value="true"/>
    </config>

    <config name="logCenterConfig" type="bundle">
        <item name="maxHistoryFiles" type="int" value="30"/>
        <item name="eventSize" type="int" value="5000"/>
        <item name="tuningSwitch" type="bool" value="false"/>
        <item name="DCSLog" type="bool" value="true"/>
        <item name="zipTrigger" type="bool" value="false"/>
        <item name="version" type="int" value="1"/>
    </config>

    <config name="defaultBigAppList_config" type="stringList">
        <item name="com.oppo.camera"/>
        <item name="com.oplus.camera"/>
        <item name="com.oneplus.camera"/>
    </config>

    <config name="sceneActions" type="stringList">
        <item name="SCENE_SCREEN_STATUS"/>
        <item name="SCENE_BOOT_COMPLETED"/>
        <item name="SCENE_LOW_MEMORY"/>
        <item name="SCENE_APP_SWITCH"/>
        <item name="SCENE_BIG_APP_SWITCH"/>
        <item name="SCENE_SPECIAL_REQUEST"/>
        <item name="SCENE_LAUNCHER"/>
        <item name="SCENE_GAME"/>
        <item name="SCENE_BIGAPP_RUNTIME"/>
        <item name="SCENE_GAMEAPP_RUNTIME"/>
    </config>

    <config name="requestConfig" type="bundle">
        <item name="dcsThreshold" type="int" value="300"/>
        <item name="dcsPeriod" type="int" value="600000"/>
    </config>

    <config name="defaultCheckKeyWords_config" type="stringList">
        <item name="com.oppo."/>
        <item name="com.oplus."/>
        <item name="com.coloros."/>
        <item name="com.nearme."/>
        <item name="com.heytap."/>
        <item name="com.android."/>
        <item name="com.aiunit.aon"/>
        <item name="com.baidu.input_oppo"/>
        <item name="android.process.acore"/>
        <item name="com.debug.loggerui"/>
        <item name="com.sohu.inputmethod.sogouoem"/>
        <item name="com.xunmeng.pinduoduo"/>
    </config>

    <config name="defaultPssMonitorPkg_config" type="stringList">
        <item name="com.android.launcher|604160"/>
        <item name="com.heytap.pictorial|330752"/>
        <item name="com.android.systemui|313344"/>
        <item name="com.xunmeng.pinduoduo|307200"/>
        <item name="com.oplus.cosa|280576"/>
        <item name="com.oplus.smartsidebar|208896"/>
        <item name="com.oplus.onetrace|190464"/>
        <item name="com.coloros.colordirectservice|150835"/>
        <item name="com.heytap.mcs|122777"/>
        <item name="com.oplus.logkit|94924"/>
        <item name="com.oplus.notificationmanager|88371"/>
        <item name="com.android.phone|84172"/>
        <item name="com.oplus.battery|84070"/>
        <item name="com.oplus.ovoicemanager.wakeup|81920"/>
        <item name="com.oplus.floatassistant|79462"/>
        <item name="com.aiunit.aon|72704"/>
        <item name="com.baidu.input_oppo|72397"/>
        <item name="com.android.nfc|69632"/>
        <item name="com.oplus.sceneservice|65229"/>
        <item name="com.oplus.deepthinker|61440"/>
        <item name="com.android.incallui|54067"/>
        <item name="com.heytap.accessory|52224"/>
        <item name="com.oplus.atlas|51200"/>
        <item name="com.android.server.telecom|49357"/>
        <item name="android.process.acore|48435"/>
        <item name="com.debug.loggerui|46797"/>
        <item name="com.oplus.securitykeyboard|45568"/>
        <item name="com.android.bluetooth|44851"/>
        <item name="com.heytap.openid|41984"/>
        <item name="com.sohu.inputmethod.sogouoem|37274"/>
        <item name="com.oplus.childrenspace|35430"/>
        <item name="com.oplus.appplatform|35328"/>
        <item name="com.coloros.assistantscreen|31539"/>
        <item name="com.oplus.regservice|17715"/>
        <item name="com.oplus.nhs|15258"/>
        <item name="com.oplus.healthservice|14643"/>
        <item name="com.oplus.powermonitor|14643"/>
        <item name="com.oplus.qualityprotect|14234"/>
    </config>

    <config name="processStatsManagerConfig" type="bundle">
        <item name="featureSwitch" type="bool" value="true"/>
        <item name="dcsSwitch" type="bool" value="false"/>
    </config>
</resources>
