{
    "version": 2022101310,
    "feature": {
        "colorx": {
            "gpu-control-panel": {
                "auto-vrs-disable": [
                ]
            }
        },
        "adp": {
            "adp_version": 20221013,
            "temp_lv1": 38000,
            "temp_lv2": 41000,
            "cluster_info": 431,
            "cluster_count": 3,
            "adp_server_switch": true,
            "xpu_adjust_switch": true,
            "cpu_level": [
                "691200,998400,1036800",
                "940800,1209600,1286400",
                "1056000,1440000,1401600",
                "1132800,1555200,1536000",
                "1228800,1766400,1766400",
                "1324800,1996800,1996800",
                "1440000,2227200,2246400",
                "1670400,2457600,2476800"
            ],
            "gpu_level": [
                285000000,
                364000000,
                439000000,
                515000000,
                645000000,
                710000000,
                765000000,
                815000000
            ],
            "xpu_blacklist": [
                "com.xxx.tmgp.sgame",
                "com.xxx.tmgp.pubgmhd"
            ],
            "adp_blacklist": [
                "com.xxx.tmgp.pubgmhd"
            ]
        }
    }
}
