
<permissions>
    <feature name="oppo.feature.21609" />
    <feature name="oppo.eyeprotect.support" />
    <!--<feature name="oppo.autolight.userotate.support" />-->
    <feature name="oppo.appautoresolution.support" />
    <feature name="oppo.multibits.dimming.support" />
    <feature name="oppo.autobrightctl.animation.support" />
    <feature name="oppo.aod.support" />
    <feature name="oppo.display.screen.gloablehbm.support" />
    <!--feature name="oppo.display.screen.underlightsensor.support" / -->
    <feature name="oppo.display.dcbacklight.support" />
    <feature name="oppo.high.brightness.support" />
    <!--<feature name="oppo.hardware.fingerprint.optical.support" />-->
    <!--<feature name="com.oppo.feature.screen.heteromorphism" />-->
    <feature name="com.oppo.feature.screen.heteromorphism" />
    <feature name="oppo.autolight.psensor.notsupport" />
    <feature name="oppo.brightness.mode.automatic" />
    <feature name="oppo.display.screen.defaultsmartmode" />
    <feature name="oppo.display.screen.120hz.support" />
    <feature name="oppo.multi.device.decrease.refresh.rate" />
    <!-- tianli@MULTIMEDIA.AUDIOSERVER.HAL, 2020/08/27, Add for ovs smartmic support on 20131 -->
    <feature name="oppo.ovs.smartmic.support" />
    <!-- tianli@MULTIMEDIA.AUDIOSERVER.HAL, 2020/08/27, Add for ovs three wakeup words support on 20131-->
    <feature name="oppo.breeno.three.words.support" />
</permissions>
