<?xml version="1.0" encoding="utf-8"?>
<packages>
    <default-grant-permissions package="com.coloros.aicall" >
        <permission name="android.permission.RECORD_AUDIO"/>
        <permission name="android.permission.READ_PHONE_STATE"/>
    </default-grant-permissions>

    <!-- begin: List of MIIT -->
    <default-grant-permissions package="com.android.contacts" >
        <permission name="android.permission.READ_CONTACTS"/>
        <permission name="android.permission.READ_CALL_LOG"/>
        <permission name="android.permission.WRITE_CONTACTS"/>
        <permission name="android.permission.WRITE_CALL_LOG"/>
        <permission name="android.permission.GET_ACCOUNTS"/>
        <permission name="android.permission.CALL_PHONE"/>
        <permission name="android.permission.SEND_SMS"/>
        <permission name="android.permission.READ_EXTERNAL_STORAGE"/>
        <permission name="android.permission.WRITE_EXTERNAL_STORAGE"/>
        <permission name="android.permission.READ_PHONE_STATE"/>
    </default-grant-permissions>

    <default-grant-permissions package="com.android.mms" >
        <permission name="android.permission.CALL_PHONE"/>
        <permission name="android.permission.READ_CONTACTS"/>
        <permission name="android.permission.WRITE_CONTACTS"/>
        <permission name="android.permission.RECEIVE_SMS"/>
        <permission name="android.permission.RECEIVE_MMS"/>
        <permission name="android.permission.SEND_SMS"/>
        <permission name="android.permission.READ_SMS"/>
        <permission name="android.permission.WRITE_EXTERNAL_STORAGE"/>
        <permission name="android.permission.READ_EXTERNAL_STORAGE"/>
        <permission name="android.permission.RECEIVE_WAP_PUSH"/>
        <permission name="android.permission.RECORD_AUDIO"/>
        <permission name="android.permission.READ_CALL_LOG"/>
        <permission name="android.permission.WRITE_CALL_LOG"/>
        <permission name="android.permission.READ_PHONE_STATE"/>
    </default-grant-permissions>
    <!-- end: List of MIIT -->

    <default-grant-permissions package="com.android.settings.intelligence" >
        <permission name="android.permission.READ_PHONE_STATE"/>
    </default-grant-permissions>
    <!--end: package that has no icon and no UI -->

    <!-- special package-->
    <default-grant-permissions
        package="com.android.settings"
        sys_shared_or_persistent="true"></default-grant-permissions>
</packages>
