<!-- This file is auto generated by makefile  DO NOT MODIFY. -->
<oplus-config>
    <oplus-feature name="oplus.software.app_resolution_switch" />
    <oplus-feature name="oplus.software.app_resolution_auto" />
    <oplus-feature name="oplus.software.vibrator_lmvibrator" />
    <oplus-feature name="oplus.software.vibrator_richctap" />
    <oplus-feature name="oplus.software.fingeprint_optical_enabled"/>
    <oplus-feature name="oppo.hardware.fingerprint.optical.support"/>
    <oplus-feature name="android.hardware.fingerprint"/>
    <oplus-feature name="oplus.software.face_nopowerblock"/>
    <oplus-feature name="android.hardware.biometrics.face"/>
    <oplus-feature name="oplus.software.long_press_powerkey_shutdown" />
    <oplus-feature name="oplus.software.ams.disable_delay_mcp_kill" />
    <oplus-feature name="oplus.software.display.refreshrate_default_override" />
    <oplus-feature name="oplus.software.app_resolution_switch" />
    <oplus-feature name="oplus.software.app_resolution_auto" />
    <oplus-feature name="oplus.software.vibrator_lmvibrator" />
    <oplus-feature name="oplus.software.vibrator_richctap" />
    <oplus-feature name="oplus.software.fingeprint_optical_enabled"/>
    <oplus-feature name="oppo.hardware.fingerprint.optical.support"/>
    <oplus-feature name="android.hardware.fingerprint"/>
    <oplus-feature name="oplus.software.face_nopowerblock"/>
    <oplus-feature name="android.hardware.biometrics.face"/>
    <oplus-feature name="oplus.software.long_press_powerkey_shutdown" />
    <oplus-feature name="oplus.software.ams.disable_delay_mcp_kill" />
    <oplus-feature name="oplus.software.display.refreshrate_default_override" />
</oplus-config>
