<oplus-config>
    <!-- HanGaojun@MULTIMEDIA.DISPLAY.SERVICE, 2020/06/19, Add for display feature start -->
    <oplus-feature name="oplus.software.display.dcbacklight_support" />
    <oplus-feature name="oplus.software.display.screen_gloablehbm_support" />
    <oplus-feature name="oplus.software.display.aod_support" />
    <oplus-feature name="oplus.software.display.multibits_dimming_support" />
    <oplus-feature name="oplus.software.display.aod_prevent_burn_support" />
    <oplus-feature name="oplus.software.display.screen_heteromorphism" />
    <oplus-feature name="oplus.software.display.autobrightctl_animation_support" />
    <oplus-feature name="oplus.software.display.autolight_psensor_notsupport" />
    <oplus-feature name="oplus.software.fingeprint_optical_enabled" />
    <oplus-feature name="oplus.software.display.multi_device_decrease_refresh_rate" />
    <oplus-feature name="oplus.software.display.screen_defaultsmartmode" />
    <!-- HanGaojun@MULTIMEDIA.DISPLAY.SERVICE, 2020/06/19, Add for display feature end -->
    <!-- tianli@MULTIMEDIA.AUDIOSERVER.BASE.2020/9/1. Add for voice wakeup features start-->
    <oplus-feature name="oplus.software.audio.voice_wakeup_support"/>
    <oplus-feature name="oplus.software.audio.voice_wakeup_3words_support"/>
    <!-- tianli@MULTIMEDIA.AUDIOSERVER.BASE.2020/9/1. Add for voice wakeup features end-->
    <!-- Huade.Zhou@MULTIMEDIA.AUDIOSERVER.BASE/2020/10/28. Add for dualheadphone feature-->
    <oplus-feature name="oplus.software.audio.dualheadphone"/>
    <oplus-feature name="oplus.software.audio.dualheadphone.lite"/>
    <!-- Add for colormode feature-->
    <oplus-feature name="oplus.software.display.colormode_support" />
    <oplus-feature name="oplus.software.display.colormode_powersaving_support" />
    <oplus-feature name="oplus.software.display.mtkcolormode_support" />
    <!-- Add for dual light sensor support-->
    <oplus-feature name="oplus.software.display.dual_lightsensor_support"/>
    <!-- zhengzhiwei@BSP.VIBRATE, 2021/3/4, Add for FourD Vibrate feature start -->
    <oplus-feature name="oplus.software.haptic_vibrator_v1.support"/>
    <oplus-feature name="oplus.software.haptic_vibrator_v2.support"/>
    <!-- zhengzhiwei@BSP.VIBRATE, 2021/3/4, Add for FourD Vibrate feature end -->
     <!-- yang.y.liu@GAMEECO.Touch, 2020/11/30, Add for touch adjuster feature start -->
    <oplus-feature name="oplus.software.game.touch_adjuster_support"/>
    <!-- end -->
    <oplus-feature name="oplus.software.display.brightness_mode_automatic" />
	<oplus-feature name="oplus.software.display.reduce_brightness_rm"/>
	<oplus-feature name="oplus.software.audio.super_volume"/>
</oplus-config>
