<oplus-config>
    <!-- HuangZihan@NETWORK.REG.214095, 2020/08/08, add for show 5g icon -->
    <oplus-feature name="oplus.software.radio.ignore_dcnr_retricted_enable" />
    <unavailable-oplus-feature name="oplus.software.radio.fetch_number_country_name" />
    <unavailable-oplus-feature name="oplus.software.radio.custom_plmn_for_special_operator" />
    <unavailable-oplus-feature name="oplus.software.radio.sim_name_length_default_ten" />
    <unavailable-oplus-feature name="oplus.software.radio.mix_sim_name_len_default_ten" />
    <unavailable-oplus-feature name="oplus.software.radio.process_change_region" />
    <oplus-feature name="oplus.software.radio.put_card_type_to_db" />
    <oplus-feature name="oplus.software.radio.set_pol_entry_complete_with_last_item" />
    <!-- ZhuangYunteng@NETWORK.REG.7403, 2020/11/10, add for Feature Toggle phase2 -->
    <oplus-feature name="oplus.software.radio.light_smart5g_enabled"/>
    <unavailable-oplus-feature name="oplus.software.radio.smart5g_exp_cfg"/>
    <!-- HuangZihan@NETWORK.REG.214095, 2021/04/12, add for feature toggle -->
    <oplus-feature name="oplus.software.radio.enable_oem_log" />
    <oplus-feature name="oplus.software.radio.exp_notshow_stk_bootwizard" />
    <!-- WangHui@NETWORK.RF.1287938, 2021/05/07, add for feature toggle -->
    <oplus-feature name="oplus.software.radio.no_band_selections" />
    <oplus-feature name="oplus.software.radio.set_pref_rat_no_delay" />
    <!-- HuangZihan@NETWORK.REG, 2022/06/10, add for networktype -->
    <oplus-feature name="oplus.software.radio.all_client" />
    <!-- Tanzhengpeng@NETWORK.TECH.8615, 2022/06/22, modify for Feature Toggle -->
    <oplus-feature name="oplus.software.radio.nhs_disabled_restricted" />
    <!-- Yejunjie@NETWORK.DATA.3591270, 2022/08/05, add for Network Diagnosis -->
    <oplus-feature name="oplus.software.radio.data_network_diagnosis" />
</oplus-config>
