<oplus-config>
    <!-- xiaohu.mei@ANDROID.FRAMEWORK, 2020/06/19, Add for demo oplus feature -->
    <oplus-feature name="oplus.software.permission_intercept_enabled" />
    <!-- Mingguan.Li@ANDROID.FRAMEWORK, 2020/06/19, Add for defaut app feature -->
    <oplus-feature name="oplus.software.defaultapp.color_policy_enabled" />
    <!-- TangLinggang@ANDROID.PMS, 2020/07/05, Add for demo oplus feature -->
    <oplus-feature name="oplus.software.pms_adb_session_installer_intercept" />
    <oplus-feature name="oplus.software.pms_app_frozen" />
    <!-- Yaohong.Guo@ANDROID.PMS, 2020/10/30, Add for disable GP Verification on gms_CN -->
    <oplus-feature name="oplus.software.pms_gp_verification_disabled" />
    <!-- LiuYangyu@ANDROID.FRAMEWORK, 2020/11/25, Add for distinguish different areas-->
    <oplus-feature name="oplus.software.permission_product_xml_parse" />
    <!-- Rui.Liu@ANDROID.FRAMEWORK, 2020/12/15, Add for enable ApllicationExitInfo detect -->
    <oplus-feature name="oplus.software.application_exit_info_detect" />
    <!-- Bohan.Cui@ANDROID.PERMISSION, 2021/1/6, add for duplicate permission install -->
    <oplus-feature name="oplus.software.duplicate_permission_install" />
    <!-- LiuBoning@ANDROID.WMS, 2020/07/01, Add for intercept_lockscreen feature -->
    <oplus-feature name="oplus.software.intercept_lockscreen_service" />
    <!-- enable hidden api in china region -->
    <oplus-feature name="oplus.software.enable_hidden_api_collect" />
    <!-- enable abnormal function in china region -->
    <oplus-feature name="oplus.software.support_abnormal" />
    <!-- Bohan.Cui@ANDROID.PERMISSION, 2021/8/2, add for enable clipboard notify -->
    <oplus-feature name="oplus.software.clipboard_notify_enabled" />
    <!-- LiuYangyu@ANDROID.PERMISSION, 2021/10/14, add for enable get installed apps intercepting -->
    <oplus-feature name="oplus.software.get_installed_apps_intercept" />
    <!-- disable grant calendar contacts permission by default -->
    <oplus-feature name="oplus.software.disable_grant_calendar_contacts_permissions" />
</oplus-config>
