<?xml version='1.0' encoding='UTF-8' standalone='yes' ?>
<filter-conf>
  <version>2023022101</version>
  <zoom_window_switch>true</zoom_window_switch>
  <show_toast_switch>true</show_toast_switch>
  <only_support_pkg_list_switch>false</only_support_pkg_list_switch>
  <support_start_zoom_on_new_task_switch>false</support_start_zoom_on_new_task_switch>
  <support_pkg_list>
    <pkg>com.coloros.gallery3d</pkg>
    <pkg>com.oplus.ota</pkg>
    <pkg>com.coloros.note</pkg>
    <pkg>com.miHoYo.enterprise.NGHSoD</pkg>
    <pkg>com.coloros.scenemode</pkg>
    <pkg>com.android.mms</pkg>
    <pkg>com.coloros.filemanager</pkg>
    <pkg>com.coloros.video</pkg>
    <pkg>com.whatsapp</pkg>
    <pkg>jp.naver.line.android</pkg>
    <pkg>com.zing.zalo</pkg>
    <pkg>com.xunmeng.pinduoduo</pkg>
    <pkg>com.ss.android.ugc.aweme</pkg>
    <pkg>com.smile.gifmaker</pkg>
    <pkg>com.tencent.qqlive</pkg>
    <pkg>com.tencent.mm</pkg>
    <pkg>com.tencent.mobileqq</pkg>
    <pkg>com.snda.wifilocating</pkg>
    <pkg>com.tencent.mtt</pkg>
    <pkg>com.youku.phone</pkg>
    <pkg>com.UCMobile</pkg>
    <pkg>com.alibaba.android.rimet</pkg>
    <pkg>com.sina.weibo</pkg>
    <pkg>com.sankuai.meituan</pkg>
    <pkg>com.ss.android.article.news</pkg>
    <pkg>com.ss.android.article.video</pkg>
    <pkg>com.taobao.taobao</pkg>
    <pkg>com.jingdong.app.mall</pkg>
    <pkg>com.ss.android.ugc.live</pkg>
    <pkg>com.qiyi.video</pkg>
    <pkg>com.kuaishou.nebula</pkg>
    <pkg>com.baidu.homework</pkg>
    <pkg>com.achievo.vipshop</pkg>
    <pkg>com.baidu.haokan</pkg>
    <pkg>com.tencent.weishi</pkg>
    <pkg>com.hunantv.imgo.activity</pkg>
    <pkg>com.jm.video</pkg>
    <pkg>com.ss.android.ugc.aweme.lite</pkg>
    <pkg>com.immomo.momo</pkg>
    <pkg>com.tencent.tmgp.sgame</pkg>
    <pkg>com.le123.ysdq</pkg>
    <pkg>tv.pps.mobile</pkg>
    <pkg>com.tencent.wework</pkg>
    <pkg>com.duoduo.child.story</pkg>
    <pkg>com.suning.mobile.ebuy</pkg>
    <pkg>cn.xuexi.android</pkg>
    <pkg>com.p1.mobile.putong</pkg>
    <pkg>com.tencent.tmgp.pubgmhd</pkg>
    <pkg>com.zenmen.palmchat</pkg>
    <pkg>com.duowan.kiwi</pkg>
    <pkg>com.A17zuoye.mobile.homework</pkg>
    <pkg>tv.danmaku.bili</pkg>
    <pkg>com.tencent.androidqqmail</pkg>
    <pkg>com.tencent.wemeet.app</pkg>
    <pkg>com.zhihu.android</pkg>
    <pkg>air.tv.douyu.android</pkg>
    <pkg>com.mampod.ergedd</pkg>
    <pkg>com.kuaiduizuoye.scan</pkg>
    <pkg>com.ss.android.ugc.livelite</pkg>
    <pkg>com.handsgo.jiakao.android</pkg>
    <pkg>com.netease.mail</pkg>
    <pkg>com.babycloud.hanju</pkg>
    <pkg>com.shizhuang.duapp</pkg>
    <pkg>com.duowan.mobile</pkg>
    <pkg>com.zuoyebang.airclass</pkg>
    <pkg>com.mogujie</pkg>
    <pkg>com.baidu.tieba</pkg>
    <pkg>com.sinyee.babybus.chants</pkg>
    <pkg>com.fenbi.android.solar</pkg>
    <pkg>com.sofunny.Sausage</pkg>
    <pkg>com.cainiao.wireless</pkg>
    <pkg>com.baidu.video</pkg>
    <pkg>com.bokecc.dance</pkg>
    <pkg>com.sohu.sohuvideo</pkg>
    <pkg>com.outfit7.talkingtomgoldrun.nearme.gamecenter</pkg>
    <pkg>me.yidui</pkg>
    <pkg>com.alibaba.wireless</pkg>
    <pkg>com.tencent.edu</pkg>
    <pkg>cn.xiaochuankeji.tieba</pkg>
    <pkg>cn.soulapp.android</pkg>
    <pkg>com.yiqizuoye.jzt</pkg>
    <pkg>com.cmcc.cmvideo</pkg>
    <pkg>com.outfit7.mytalkingtom2.nearme.gamecenter</pkg>
    <pkg>com.husor.beidian</pkg>
    <pkg>com.heytap.xgame</pkg>
    <pkg>com.fenbi.android.leo</pkg>
    <pkg>org.xinkb.blackboard.android</pkg>
    <pkg>com.xueersi.parentsmeeting</pkg>
    <pkg>com.jd.pingou</pkg>
    <pkg>com.dw.jjbb.nearme.gamecenter</pkg>
    <pkg>com.taou.maimai</pkg>
    <pkg>com.sina.oasis</pkg>
    <pkg>com.jzyd.coupon</pkg>
    <pkg>com.jf.lkrj</pkg>
    <pkg>com.xiaoshijie.sqb</pkg>
    <pkg>com.netease.edu.ucmooc</pkg>
    <pkg>com.outfit7.herodash.nearme.gamecenter</pkg>
    <pkg>com.hupu.shihuo</pkg>
    <pkg>com.mengtuiapp.mall</pkg>
    <pkg>com.tencent.tmgp.speedmobile</pkg>
    <pkg>com.yangcong345.android.phone</pkg>
    <pkg>com.wepie.snake.nearme.gamecenter</pkg>
    <pkg>com.yuantiku.tutor</pkg>
    <pkg>com.outfit7.mytalkingtomfree.nearme.gamecenter</pkg>
    <pkg>com.wuba.zhuanzhuan</pkg>
    <pkg>com.diyidan</pkg>
    <pkg>com.youdao.dict</pkg>
    <pkg>com.huajiao</pkg>
    <pkg>com.kaola</pkg>
    <pkg>com.knowbox.rc.student.pk</pkg>
    <pkg>com.yiyou.ga</pkg>
    <pkg>com.tencent.gamehelper.smoba</pkg>
    <pkg>com.meitu.meipaimv</pkg>
    <pkg>com.baidu.baidutranslate</pkg>
    <pkg>com.black.unique</pkg>
    <pkg>com.iflytek.elpmobile.smartlearning</pkg>
    <pkg>com.liulishuo.engzo</pkg>
    <pkg>com.tencent.videolite.android</pkg>
    <pkg>com.baidu.minivideo</pkg>
    <pkg>com.jiongji.andriod.card</pkg>
    <pkg>com.kugou.fanxing</pkg>
    <pkg>com.iflytek.oshall.ahzwfw</pkg>
    <pkg>com.mosheng</pkg>
    <pkg>com.fanli.android.apps</pkg>
    <pkg>com.jxedt</pkg>
    <pkg>com.wondertek.miguaikan</pkg>
    <pkg>tv.yixia.bobo</pkg>
    <pkg>com.imaginer.yunji</pkg>
    <pkg>net.whty.app.eyu</pkg>
    <pkg>com.huodao.hdphone</pkg>
    <pkg>com.sinyee.babybus.talk2kiki</pkg>
    <pkg>com.sainti.eduread</pkg>
    <pkg>com.imangi.templerun2</pkg>
    <pkg>com.shensz.student</pkg>
    <pkg>com.letv.android.client</pkg>
    <pkg>com.kiloo.subwaysurf</pkg>
    <pkg>com.tencent.tmgp.cf</pkg>
    <pkg>com.able.wisdomtree</pkg>
    <pkg>com.banma</pkg>
    <pkg>com.nearme.gamecenter</pkg>
    <pkg>tv.danmaku.bilibilihd</pkg>
  </support_pkg_list>
  <support_reply_pkg_list>
    <pkg>com.tencent.mm</pkg>
    <pkg>com.tencent.mobileqq</pkg>
    <pkg>com.android.mms</pkg>
    <pkg>com.whatsapp</pkg>
    <pkg>jp.naver.line.android</pkg>
    <pkg>com.zing.zalo</pkg>
  </support_reply_pkg_list>
  <unsupport_pkg_list>
   <pkg>111</pkg>
  </unsupport_pkg_list>
  <unsupport_caller_pkg_list>
    <pkg>111</pkg>
  </unsupport_caller_pkg_list>
  <forced_show_toast_pkg_list />
  <not_show_toast_pkg_list>
    <pkg>1111</pkg>
  </not_show_toast_pkg_list>
  <unused_zoom_displayinfo_pkg_list>
    <pkg>1111</pkg>
  </unused_zoom_displayinfo_pkg_list>
  <support_zoom_cpn_list />
  <unsupport_zoom_cpn_list>
    <cpn>111</cpn>
  </unsupport_zoom_cpn_list>
  <unreused_zoom_cpn_list>
    <cpn>111</cpn>
  </unreused_zoom_cpn_list>
  <unrelaunch_zoom_cpn_list />
  <forced_relaunch_zoom_cpn_list>
    <cpn>com.duolingo/.onboarding.WelcomeFlowActivity_full_to_zoom</cpn>
    <cpn>com.duolingo/.onboarding.WelcomeFlowActivity_zoom_to_full</cpn>
    <cpn>org.thunderdog.challegram/.MainActivity_full_to_zoom</cpn>
    <cpn>com.wuba.zhuanzhuan/.activity.MainActivity_zoom_to_full</cpn>
  </forced_relaunch_zoom_cpn_list>
  <corner_radius>0.0</corner_radius>
  <zoom_window_size portrait_width="0" portrait_height="0" landscape_width="0" landscape_height="0" />
  <exclude_touch_region />
  <version_limit_pkg_list />
  <version_limit_reply_pkg_list />
  <folder_screen_unsupport_caller_pkg_list />
  <dismiss_zoom_window_pkg_list />
</filter-conf>