<?xml version='1.0' encoding='UTF-8' standalone='yes' ?>
<extend_features>
    <!--enable_personal_info_protection ,default:false-->
    <app_feature name="com.oplus.securitypermission.enable_personal_info_protection" args="boolean:true"/>
    <!-- LiuBoning@ANDROID.WMS, 2020/07/01, Add for intercept_lockscreen feature -->
    <app_feature name="com.oplus.securitypermission.intercept_lockscreen_showsettingui" args="boolean:true"/>
    <!-- LiuRui@ANDROID.MULTIUSER, 2021/09/21, Add for multiapp feature -->
    <app_feature name="com.oplus.multiapp.change_tips" args="boolean:false"/>
    <!-- LiuRui@ANDROID.MULTIUSER, 2021/09/21, Add for multiapp feature -->
    <app_feature name="com.oplus.multiapp.support_more" args="boolean:false"/>
	<!-- Bohan.Cui@ANDROID.PERMISSION, 2022/05/06, Add for recommend feature -->
    <app_feature name="com.oplus.securitypermission.recommend_enable" args="boolean:true"/>
	<app_feature name="com.oplus.securitypermission.recommend_url" args="String:https://app-sec-cn.heytapmobi.com/permission/queryservice/recommended/permission"/>
	<app_feature name="com.oplus.securitypermission.recommend_domain_name" args="String:https://app-sec-cn.heytapmobi.com"/>
	<app_feature name="com.oplus.securitypermission.recommend_business_id" args="String:recommended-permission"/>
	<!-- Bohan.Cui@ANDROID.PERMISSION, 2022/09/15, Add for oplus shortcut manager feature -->
    <app_feature name="com.oplus.securitypermission.shortcut_enable" args="boolean:true"/>
</extend_features>
