<?xml version="1.0" encoding="utf-8"?>

<extend_features>
    <!-- smartlock_enable ,default:""-->
    <app_feature name="com.android.systemui.smartlock_enable"/>
    <!-- show puk_code switch,default:""-->
    <app_feature name="com.android.systemui.puk_code_show"/>
    <!-- use custom navigation back button, default:""-->
    <app_feature name="com.android.systemui.nav_back"/>
    <!-- different aod theme for export product, default:""-->
    <app_feature name="com.android.systemui.aod_not_exp_theme"/>
    <!-- indicate if the device is export -->
    <app_feature name="com.android.systemui.origin_notification_behavior" args="boolean:false"/>
    <app_feature name="com.oplus.continue_using_fp_while_screen_off" args="boolean:false" />
    <app_feature name="com.oplus.software.continue_using_fp_while_screen_off" args="boolean:false" />
    <app_feature name="continue_using_fp_while_screen_off" args="boolean:false" />
    <!-- indicate if feature red_pocket is enable, in contrast to export -->
    <app_feature name="com.android.systemui.red_pocket" args="boolean:true"/>
    <!-- indicate if feature after_sale_notice is enable, in contrast to export -->
    <app_feature name="com.android.systemui.after_sale_notice" args="boolean:true"/>
    <!-- indicate if usb service is support cta -->
    <app_feature name="com.android.systemui.usb_service_for_cta" args="boolean:false"/>
    <!-- use wechat pay-code shortcut for fingerprint quick launch -->
    <app_feature name="com.android.systemui.kgd_ql_wechat_pay"/>
    <!--support black screen-->
    <app_feature name="com.android.systemui.support_black_screen" args="boolean:false"/>

    <!--SystemUi StatusBar-->
    <!--statusbar support passpoint-->
    <app_feature name="com.android.systemui.support_passpoint"/>
    <!-- indicate if the signal UI style is cn style-->
    <app_feature name="com.android.systemui.cn_signal_ui" args="boolean:true"/>
    <!-- hide the private permission icon in exp version -->
    <app_feature name="com.android.systemui.show_private_permission_icon"/>
    <!--not send developer mode notification in exp version-->
    <app_feature name="com.android.systemui.send_developer_mode_notification" args="boolean:false"/>

    <!--SystemUi QS-->
    <!--indicate if google assistant is supported, supported in exp version, not supported in cn version-->
    <app_feature name="com.android.systemui.google_assistant_supported" args="boolean:true"/>
    <!--indicate if Alipay payment is supported, supported in cn version, not supported in exp version-->
    <app_feature name="com.android.systemui.alipay_payment_supported" args="boolean:true"/>
    <!--indicate if alipay scan supported-->
    <app_feature name="com.android.systemui.alipay_scan_supported" args="boolean:true"/>
	<!--indicate if wechatpay payment is supported, supported in cn version, not supported in exp version-->
	<app_feature name="com.android.systemui.wechatpay_payment_supported" args="boolean:true"/>
    <!--indicate if envelop supported, supported in cn version, not supported in exp version-->
    <app_feature name="com.android.systemui.envelop_supported" args="boolean:true"/>
    <!--indicate if calendar is cn version-->
    <app_feature name="com.android.systemui.calendar_cn" args="boolean:true"/>

    <!--NavBar-->
    <!--indicate if navBar content is searchable in setting-->
    <app_feature name="com.android.systemui.nav_bar_searchable_in_setting" args="boolean:false"/>
    <!--indicate if gesture exclusion white list is cn version-->
    <app_feature name="com.android.systemui.gesture_exclusion_white_list_cn" args="boolean:true"/>
    <!--indicate if the more function is enabled-->
    <app_feature name="com.android.systemui.nav_bar_more_enabled" args="boolean:false"/>
    <!--indicate the nav bar visibility state is show or hide, show in exp version, hide in cn version-->
    <app_feature name="com.android.systemui.nav_bar_hide_state_show" args="boolean:false"/>
    <!--indicate if the navbar gesture guide view is exp version-->
    <app_feature name="com.android.systemui.nav_bar_gesture_guide_view_exp_version" args="boolean:false"/>
    <!--indicate if nav bar white list is exp version-->
    <app_feature name="com.android.systemui.nav_bar_white_list_exp" args="boolean:false"/>
    <!--default nav state for cn version is side gesture -->
    <app_feature name="com.android.systemui.default_nav_state" args="String:sidegesture"/>

    <!--global actions page-->
    <!--SOS button forbid for cn version-->
    <app_feature name="com.android.systemui.forbid_sos_button"/>

    <!--PowerUI-->
    <app_feature name="com.android.systemui.go_to_after_service_in_cn" args="boolean:true"/>

    <!--Small Reply-->
    <app_feature name="com.android.systemui.small_reply_enabled" args="boolean:true"/>

    <!--ChargingAnimation-->
    <app_feature name="com.android.systemui.display_cnsv_logo" args="boolean:true" />
	
	<!--WiFi only version, hide disconnected wifi icon-->
    <app_feature name="com.android.systemui.wifi_only_hide_disconnected_wifi_icon"/>

    <!--disable gmsCore dnd interception -->
    <app_feature name="com.android.systemui.disable_gms_core_dnd_interception" args="boolean:true"/>
</extend_features>
