<!-- This file is auto-generated.  DO NOT MODIFY. -->
<!-- COLOR_EDIT.  add oppo.screen.hovering.support ;remove oppo.narrow.frame -->
<permissions>
    <!-- ifdef VENDOR_EDIT -->
    <!-- Haifeng.zhu@AD.Fingerprint.1952414, 2019/06/20, add for fingerpirnt feature -->
    <feature name="android.hardware.fingerprint" />
    <feature name="oppo.back.touch.fingerprint.sensor" />
    <feature name="oppo.hardware.fingerprint.optical.support" />
    <!-- endif VENDOR_EDIT -->
    <!-- Junhao.Liang@ANDROID.BIOMETRICS.1070880, 2018/06/19, Add for face unlock -->
    <feature name="android.hardware.biometrics.face" />
    <!-- ifdef VENDOR_EDIT -->
    <!-- LiTong@ROM.SystemUi.2403096, 2019/10/14, add for curved display, only for curved screen-->
    <feature name="oppo.common.support.curved.display" />
    <!-- endif VENDOR_EDIT -->
    <!-- caobing@Swdp.Shanghai, 2019/02/05, Add for ovs smartmic support on 19065 -->
    <feature name="oppo.ovs.smartmic.support" />
    <!-- caobing@Swdp.Shanghai, 2019/03/29, Add for ovs three wakeup words support on 19065-->
    <feature name="oppo.breeno.three.words.support" />

    <!-- Peng.Yizhang@ANDROID.SENSOR, 2020/11/20, add for QCOM Linear motor vibrator -->
    <oplus-feature name="oplus.software.vibrator_qcom_lmvibrator" />
    <!-- Peng.Yizhang@ANDROID.SENSOR, 2020/11/20, add end -->
    <!-- Weixin.Cao@Rom.Apps.4362232, 2022/09/22, add for applications to distinguish whether old legal policies are displayed -->
    <feature name="oplus.companyname.not.support" />
    <!-- Weixin.Cao@Rom.Apps, 2022/09/22, add end -->
    <!-- Zerui.Li@UIFramework.View, 2022/11/22, add for rgb normalize -->
    <feature name="oplus.software.view.rgbnormalize" />
    <!-- Zerui.Li@UIFramework.View, 2022/11/22, add end -->
    <!-- Jianrong.Zheng@ANDROID.SENSOR, 2022/12/12, Add for prox lock refresh rate -->
    <feature name="oplus.software.sensor.prox_lock_refresh_rate" />
    <!-- Jianrong.Zheng@ANDROID.SENSOR, 2022/11/20, Add for access record prox usage -->
    <feature name="oplus.software.sensor.collect_prox_usage" />
</permissions>
