<?xml version="1.0" encoding="utf-8"?>
<packages>
    <default-grant-permissions package="com.amap.android.location" >
        <permission name="android.permission.WRITE_EXTERNAL_STORAGE"/>
        <permission name="android.permission.ACCESS_COARSE_LOCATION"/>
        <permission name="android.permission.ACCESS_FINE_LOCATION"/>
        <permission name="android.permission.ACCESS_BACKGROUND_LOCATION"/>
        <permission name="android.permission.READ_PHONE_STATE"/>
    </default-grant-permissions>
    <default-grant-permissions package="com.oplus.location" >
        <permission name="android.permission.WRITE_EXTERNAL_STORAGE"/>
        <permission name="android.permission.ACCESS_COARSE_LOCATION"/>
        <permission name="android.permission.ACCESS_FINE_LOCATION"/>
        <permission name="android.permission.ACCESS_BACKGROUND_LOCATION"/>
        <permission name="android.permission.READ_PHONE_STATE"/>
    </default-grant-permissions>
</packages>
