<?xml version="1.0" encoding="utf-8"?>
<permissions>
    <privapp-permissions package="com.oplus.ovoicemanager.wakeup">
        <permission name="android.permission.CAPTURE_AUDIO_HOTWORD"/>
        <permission name="android.permission.MOUNT_UNMOUNT_FILESYSTEMS"/>
        <permission name="android.permission.MANAGE_SOUND_TRIGGER"/>
        <permission name="android.permission.MANAGE_USERS"/>
        <permission name="android.permission.INTERACT_ACROSS_USERS"/>
        <permission name="android.permission.SOUNDTRIGGER_DELEGATE_IDENTITY"/>
    </privapp-permissions>
</permissions>


