<oplus-config>
<!-- hanshirong@CONNECTIVITY.WIFI.ARCHITECHURE, 2020/10/23   -->
    <oplus-feature name="oplus.software.wlan.traffic_limit" />
    <oplus-feature name="oplus.software.bt.switchlog" />
    <oplus-feature name="oplus.software.wlan.auto_reconnect" />
    <oplus-feature name="oplus.software.wlan.dual_sta" />
    <oplus-feature name="oplus.software.wlan.dbs" />
    <oplus-feature name="oplus.software.wlan.wifi6" />
<!-- GaoShangxiu@CONNECTIVITY.BT.Audio.Feature.1621909, 2021/10/02,add for support Binuural Record -->
    <oplus-feature name="oplus.software.bt.binaural_record" />
<!-- guohaiyue@CONNECTIVITY.WIFI.HARDWARE.SMARTANTENNA,2021/08/23, Add for wifi SmartAntenna implement -->
    <oplus-feature name="oplus.software.wlan.smart_antenna" />
<!-- LiXiong@CONNECTIVITY.WIFI.NETWORK.ROUTERBOOST, 2020/09/27   -->
    <oplus-feature name="oplus.software.wlan.routerboost" />
<!-- ZhaoXiang@CONNECTIVITY.WIFI.SOFTAP.1644168, 2021/7/3 -->
    <oplus-feature name="oplus.software.wlan.softap_nss1X1" />
<!-- ZhaoXiang@CONNECTIVITY.WIFI.CONNECT.SMARTWIFI.3055896, 2022/2/25, Add for network switch between wifi and cell -->
    <oplus-feature name="oplus.software.wlan.seamless_switch" />
</oplus-config>
