<!-- This file is auto generated by makefile  DO NOT MODIFY. -->
<oplus-config>
    <oplus-feature name="oplus.software.radio.pa_aging_for_lte_b41b"/>
    <oplus-feature name="oplus.software.radio.support_5g"/>
    <oplus-feature name="oplus.software.radio.new_pa_aging_support"/>
    <oplus-feature name="oplus.software.radio.set_wifi_sar_enabled"/>
    <oplus-feature name="oplus.software.radio.data_fast_recovery"/>
    <oplus-feature name="oplus.software.radio.data_hongbao"/>
    <oplus-feature name="oplus.software.radio.air_interface_detect_support" />
    <oplus-feature name="oplus.software.radio.ultimate_five_g_support" />
    <oplus-feature name="oplus.software.radio.sim_detect_check_support" />
    <oplus-feature name="oplus.software.radio.nwpower_app_network_monitor_switch_enable" />
    <oplus-feature name="oplus.software.radio.nwpower_bg_app_net_control_switch_enable" />
    <oplus-feature name="oplus.software.radio.nwpower_screenoff_app_net_control_switch_enable" />
    <oplus-feature name="oplus.software.radio.nwpower_sys_net_control_switch_enable" />
    <oplus-feature name="oplus.software.radio.comm_scene_switch_enable" />
    <oplus-feature name="oplus.software.radio.find_phone" />
    <oplus-feature name="oplus.software.radio.sms_set_default_app" />
    <oplus-feature name="oplus.software.radio.loc_control_switch" />
    <oplus-feature name="oplus.software.radio.disable_5g_nr_5gdump" />
    <oplus-feature name="oplus.software.radio.game_err"/>
    <oplus-feature name="oplus.software.radio.vice_card_game_mode"/>
    <oplus-feature name="oplus.software.radio.game_paging"/>
    <oplus-feature name="oplus.software.radio.smart5g_sa_enabled"/>
    <oplus-feature name="oplus.software.radio.light_smart5g_enabled"/>
    <oplus-feature name="oplus.software.radio.smart5g_thermal_nr_deprio"/>
    <oplus-feature name="oplus.software.radio.data_eval" />
    <oplus-feature name="oplus.software.radio.data_limit" />
    <oplus-feature name="oplus.software.radio.support_dual_nr"/>
    <oplus-feature name="oplus.software.radio.nr_always_sa_pre" />
    <oplus-feature name="oplus.software.radio.smart5g_rtt_check"/>
    <oplus-feature name="oplus.software.radio.smart5g_nr_signal_check"/>
    <oplus-feature name="oplus.software.radio.smart5g_game_latency_check"/>
    <oplus-feature name="oplus.software.radio.smart5g_nr_rtt_check"/>
    <oplus-feature name="oplus.software.radio.crazy_query_checker"/>
    <oplus-feature name="oplus.software.radio.backoff_sa_cause_network_reject"/>
    <oplus-feature name="oplus.software.radio.bar_cell"/>
    <oplus-feature name="oplus.software.radio.smart5g_game_list_deprio_sa"/>
    <oplus-feature name="oplus.software.radio.smart5g_game_lte_prefer_dual_sim"/>
    <oplus-feature name="oplus.software.radio.smart5g_game_lte_prefer"/>
    <oplus-feature name="oplus.software.radio.smart5g_sa_environment_game_lte_prefer"/>
    <oplus-feature name="oplus.software.radio.sa_apm_control" />
    <oplus-feature name="oplus.software.radio.sa_tac_control" />
    <oplus-feature name="oplus.software.radio.dds_switch"/>
    <oplus-feature name="oplus.software.radio.nsa_signal_optim" />
    <oplus-feature name="oplus.software.radio.scene_mode" />
    <oplus-feature name="oplus.software.radio.online_meeting" />
    <oplus-feature name="oplus.software.radio.low_latency" />
    <oplus-feature name="oplus.software.radio.nwpower_power_recovery_switch_enable" />
    <oplus-feature name="oplus.software.radio.sa_data_recovery_enabled"/>
    <oplus-feature name="oplus.software.radio.signal_recovery_enabled"/>
    <oplus-feature name="oplus.software.radio.enable_weak_signal_backoff"/>
    <oplus-feature name="oplus.software.radio.sido_gw_lte_pingpong_lte_poor_signal_opt"/>
    <oplus-feature name="oplus.software.radio.sido_dual_sim_coop_no_service_opt"/>
    <oplus-feature name="oplus.software.radio.sido_dual_sim_coop_no4g_no5g_opt"/>
    <oplus-feature name="oplus.software.radio.sido_nr_icon_pingpong_opt"/>
    <oplus-feature name="oplus.software.radio.elev_ndds" />
    <oplus-feature name="oplus.software.radio.elev_automation" />
    <oplus-feature name="oplus.software.radio.nr_nrca_rus_control"/>
    <oplus-feature name="oplus.software.radio.nr_bwp_rus_control"/>
    <oplus-feature name="oplus.software.radio.block_nondds_pck" />
    <oplus-feature name="oplus.software.radio.dns_speed_up" />
    <oplus-feature name="oplus.software.radio.sa_call_control_disabled" />
    <oplus-feature name="oplus.software.radio.silent_redial_supported" />
    <oplus-feature name="oplus.software.radio.apmdm_log_pb"/>
    <oplus-feature name="oplus.software.radio.vonr_capability_recovery"/>
    <oplus-feature name="oplus.software.radio.sa_call_backoff_control"/>
    <oplus-feature name="oplus.software.radio.vonr_switch_enabled"/>
    <oplus-feature name="oplus.software.radio.vonr_city_control"/>
    <oplus-feature name="oplus.software.radio.engnw_sts_interface_support" />
    <oplus-feature name="oplus.software.radio.rat_band_selections"/>
    <oplus-feature name="oplus.software.radio.enable_signal_map"/>
    <oplus-feature name="oplus.software.radio.qos_prediction_enabled"/>
    <oplus-feature name="oplus.software.radio.cybersense_location_enabled"/>
    <oplus-feature name="oplus.software.radio.smart5g_fence_sa_data_slow_opt"/>
    <oplus-feature name="oplus.software.radio.1x_bsr_dds_swtich"/>
    <oplus-feature name="oplus.software.radio.game_ims_reg"/>
    <oplus-feature name="oplus.software.radio.game_backoff_sa"/>
    <oplus-feature name="oplus.software.radio.ims_guard"/>
    <oplus-feature name="oplus.software.radio.keep_sa_nsa"/>
    <oplus-feature name="oplus.software.radio.disable_private_dns"/>
    <oplus-feature name="oplus.software.radio.crs_rus_control"/>
    <oplus-feature name="oplus.software.radio.uid_pur_stats"/>
    <oplus-feature name="oplus.software.radio.5g_band_cfg"/>
    <oplus-feature name="oplus.software.radio.apn_recovery"/>
    <oplus-feature name="oplus.software.radio.nwpower_supprese_signal_report_enable"/>
</oplus-config>
