<oplus-config>

    <!-- Peng.Yizhang@ANDROID.SENSOR, 2020/11/20, add for QCOM Linear motor vibrator -->
    <oplus-feature name="oplus.software.vibrator_qcom_lmvibrator" />
    <!-- Peng.Yizhang@ANDROID.SENSOR, 2020/11/20, add end -->
    <!-- Haifeng.Zhu@ANDROID.BIOMETIRC, 2021/05/13, add for feature face close eye verify -->
    <oplus-feature name="oplus.software.face_closeeye_detect"/>
    !-- Wenjun.Sun@ANDROID.UIFramework.DarkMode, 2021/12/03, add for dark mode -->
    <oplus-feature name="oplus.software.support.gt.mode"/>
    <oplus-feature name="oplus.software.dark_mode_style" />
    <!-- Guofu.Yang@ANDROID.INPUT, 2020/06/17, add for Linear motor vibrator -->
    <oplus-feature name="oplus.software.vibrator_lmvibrator" />
    <!-- Guofu.Yang@ANDROID.INPUT, 2020/06/08, add end -->

    <!-- LuoBinqiang@ANDROID.AMS, 2020/07/14, add for some process keep alive -->
    <oplus-feature name="oplus.software.keep_alive" />
    <!-- LuoBinqiang@ANDROID.AMS, 2020/07/14, add end -->

    <!-- CaiChunchun@ANDROID.INPUT, 2020/11/25, add for wake up arouse -->
    <oplus-feature name="oplus.software.wake_up_arouse_support" />
    <!-- CaiChunchun@ANDROID.INPUT, 2020/11/25, add end -->
    <!-- CaiChunchun@ANDROID.INPUT, 2021/07/07, add for blackgesture -->
    <oplus-feature name="oplus.software.gesture_proximitysensor" />
    <!-- CaiChunchun@ANDROID.INPUT, 2021/07/07, add end -->

    <!-- Fei.Luo@ANDROID.SENSOR, 2020/11/20, add for acc richtap -->
    <oplus-feature name="oplus.software.vibrator_richctap" />
    <!-- Fei.Luo@ANDROID.SENSOR, 2020/11/20, add end -->
    <!-- Hang.Zhao@BSP.CHG, 2022/09/15, add for new oplusvibrator interface -->
    <oplus-feature name="oplus.hardware.vibrator_oplus_v1" />
    <!-- Hang.Zhao@BSP.CHG, 2022/09/15, add end -->
    <!-- Fei.Luo@ANDROID.SENSOR, 2020/11/20, add end -->
<!-- Zhanyu.Zhuang@BSP.CHG.Basic, 2022/08/24, add for X-axis linear vibrator type -->
    <oplus-feature name="oplus.hardware.vibrator_xlinear_type" />
    <!-- Zhanyu.Zhuang@BSP.CHG.Basic, 2022/08/24, add end -->

    <!-- Xianhua.Li@ANDROID.CHG, 2022/08/9, add for vibrator_style_switch -->
    <oplus-feature name="oplus.hardware.vibrator_style_switch" />
    <!-- Xianhua.Li@ANDROID.CHG, 2022/08/9, add end -->

    <!-- steve.shen@OPTI, 2021/03/12, Add for animation scroll opt -->
    <oplus-feature name="oplus.software.scroll.animation_opt" />

    <!-- Xianhua.Li@ANDROID.CHG, 2022/08/24, add for typecotg -->
    <oplus-feature name="oplus.typecotg.connection.menu.support" />
    <!-- Xianhua.Li@ANDROID.CHG, 2022/08/24, add end -->
    <!-- wenguangyu@ANDROID.WMS, 2022/2/10, Add for startingwindow optimize startup-->
    <oplus-feature name="oplus.software.starting_window_optimize_startup" />

    <!-- wenguangyu@ANDROID.WMS, 2022/2/10, Add for startingwindow optimize flicker -->
    <oplus-feature name="oplus.software.starting_window_optimize_flicker" />

    <!-- wenguangyu@ANDROID.WMS, 2022/2/10, Add for startingwindow always alive -->
    <oplus-feature name="oplus.software.starting_window_always_alive" />
	<!-- Cheng.Li@ANDROID.Memory, 2022/10/24, Disable delayed kill cached processes to reduce the impact on boot memory. -->
    <oplus-feature name="oplus.software.ams.disable_delay_mcp_kill" />
    <oplus-feature name="oplus.software.sensor.collect_prox_usage" />
	<!-- LiCheng@ANDROID.WMS, 2022/10/24,add for app resolution -->
    <oplus-feature name="oplus.software.app_resolution_switch" />
    <oplus-feature name="oplus.software.app_resolution_auto" />

    <oplus-feature name="oplus.software.display.refreshrate_default_override" />
</oplus-config>
