<?xml version="1.0" encoding="UTF-8"?>
<filter-conf>
	<version>20230212</version>
    <versioncode>20230212</versioncode>
    <isOpen>1</isOpen>
    <filter-name>sys_deviceidle_whitelist</filter-name>
    <wl>com.coloros.activation</wl>
    <wl>com.coloros.alarmclock</wl>
    <wl>com.coloros.backuprestore</wl>
    <wl>com.coloros.remoteguardservice</wl>
    <wl>com.coloros.sharescreen</wl>
    <wl>com.heytap.accessory</wl>
    <wl>com.heytap.browser</wl>
    <wl>com.heytap.cloud</wl>
    <wl>com.heytap.health</wl>
    <wl>com.heytap.mcs</wl>
    <wl>com.nearme.statistics.rom</wl>
    <wl>com.oneplus.retailmode</wl>
    <wl>com.oplus.cast</wl>
    <wl>com.oplus.linker</wl>
    <wl>com.oplus.ocar</wl>
    <wl>com.oplus.ota</wl>
    <wl>com.oplus.romupdate</wl>
    <wl>com.oplus.sau</wl>
    <wl>com.oplus.synergy</wl>
</filter-conf>