<?xml version='1.0' encoding='UTF-8' standalone='yes' ?>
<extend_features>
    <app_feature name="dfx.diag.tts_url" args="String:https://tts.oppoer.me" />
    <app_feature name="dfx.diag.tts_url_test" args="String:https://tts-test.wanyol.com" />
    <app_feature name="dfx.diag.ostorage_url" args="String:https://ostorage-ocloud-cn.allawntech.com" />
    <app_feature name="dfx.remotediagnosis.old_server_url" args="String:https://asdt.coloros.com" />
    <app_feature name="dfx.remotediagnosis.test_old_server_url" args="String:http://asdt.romtest.wanyol.com" />
    <app_feature name="dfx.remotediagnosis.server_url" args="String:https://asdt-server5-cn.allawntech.com" />
    <app_feature name="dfx.remotediagnosis.test_server_url" args="String:http://asdt-server.wanyol.com" />
    <app_feature name="dfx.remotediag.test_upload_db_url" args="String:http://httpdns.ocloud-test.wanyol.com" />
    <app_feature name="dfx.diag.test_report_url" args="String:" />
</extend_features>