{
    "richtap_mix_wave_pkg_rule": {
        "rule_on": true,
        "package_list": [
            "com.appaac.richtap",
            "com.hypergryph.arknights",
            "com.bilibili.fatego",
            "com.tencent.tmgp.pubgm",
            "com.tencent.tmgp.pubgmhd"
        ]
    },
    "richtap_vibrate_strength_pkg_rule": {
        "rule_on": true,
        "package_list": [
            "com.baidu.input",
            "com.google.android.inputmethod.latin",
            "com.baidu.input_oppo",
            "com.baidu.input_yijia"
        ]
    }
}